"FileName","Resident_Species","Invader","Treatment","Dilution","Time","Replicate","CPML","BS4Count","BS5Count","Debriscount","ParticleCount","OtherCount","MarginCount","FParticleCount","OParticleCount","BS4Abundance","BS5Abundance"
"#_4_400_1",4,5,"400",2000,2017-05-10,1,91.5202388683111,6356,22,3166,9895,351,"439","10334",11321,102765.239510111,355.700954880813
"#_4_400_2",4,5,"400",2000,2017-05-10,2,131.131621688954,11912,13,2120,14647,602,"422","15069",16221,192594.769441936,210.185695327835
"#_4_400_3",4,5,"400",2000,2017-05-10,3,38.9085058145165,1233,7,2480,3796,76,"205","4001",4813,19935.2535505086,113.176621941249
"#_4_200_1",4,5,"200",2000,2017-05-10,1,222.979679665028,18084,161,1854,21222,1123,"970","22192",23523,342844.409901999,3052.30867032857
"#_4_200_2",4,5,"200",2000,2017-05-10,2,120.024578893429,10508,240,1797,13201,656,"484","13685",14847,169895.36943654,3880.36626044628
"#_4_200_3",4,5,"200",2000,2017-05-10,3,250.626134744468,18983,158,1195,21496,1160,"1008","22504",23959,397148.121027942,3305.55776865695
"#_4_100_1",4,5,"100",2000,2017-05-10,1,312.681303421292,18284,463,1052,20877,1078,"1060","21937",23196,492935.415740205,12482.448998453
"#_4_100_2",4,5,"100",2000,2017-05-10,2,261.359618598116,18442,478,766,20965,1279,"843","21808",22885,421236.101043168,10918.0596626523
"#_4_100_3",4,5,"100",2000,2017-05-10,3,243.287011539686,18050,542,1025,20936,1319,"996","21932",22913,383304.722933822,11509.7595473757
"#_4_50_1",4,5,"50",2000,2017-05-10,1,373.446720423224,17893,599,1232,20811,1087,"1395","22206",23515,568325.08343889,19025.6930073154
"#_4_50_2",4,5,"50",2000,2017-05-10,2,350.855400805826,18260,580,1205,21172,1127,"1260","22432",23825,537806.473764061,17082.5714558136
"#_4_50_3",4,5,"50",2000,2017-05-10,3,291.865821878859,18388,641,710,20783,1044,"991","21774",22866,469415.61556096,16363.6833573295
"#_4_25_1",4,5,"25",2000,2017-05-10,1,369.553746644983,18003,746,916,20676,1011,"1241","21917",23088,576323.293559393,23881.4184855472
"#_4_25_2",4,5,"25",2000,2017-05-10,2,462.011733746006,17619,683,2629,22190,1259,"1433","23623",24859,654908.462679181,25387.5066694977
"#_4_25_3",4,5,"25",2000,2017-05-10,3,367.634752433222,18132,761,712,20710,1105,"1214","21924",23059,578164.996844545,24265.5836421078
"#_4_Control_1",4,5,"0",2000,2017-05-10,1,340.795352518274,18278,398,642,20387,1069,"1332","21719",22811,546145.057501119,11892.2055413856
"#_4_Control_2",4,5,"0",2000,2017-05-10,2,331.927711040531,18210,591,617,20572,1154,"1140","21712",22718,532124.625235326,17269.9425323491
"#_4_Control_3",4,5,"0",2000,2017-05-10,3,185.999770961998,18126,719,1124,21067,1098,"795","21862",23008,293066.050804692,11624.9856851249
"#_5_400_1",5,4,"400",100,2017-05-10,1,688.781094549041,5586,762,58813,65514,353,"6997","72511",85197,4516.04069879332,616.044219921323
"#_5_400_2",5,4,"400",100,2017-05-10,2,698.911961986737,6023,344,56329,63064,368,"6506","69570",86445,4869.62432419008,278.125646276173
"#_5_400_3",5,4,"400",100,2017-05-10,3,466.185342989744,6698,828,34441,42384,417,"4290","46674",57663,5415.10054514213,669.409264165076
"#_5_200_1",5,4,"200",2000,2017-05-10,1,80.8001733069836,1327,5317,1911,8963,408,"414","9377",9995,21455.0935424447,85965.8872382655
"#_5_200_2",5,4,"200",2000,2017-05-10,2,49.1589280341974,1156,2138,1128,4649,227,"713","5362",6081,18690.2551578794,34567.2712176004
"#_5_200_3",5,4,"200",2000,2017-05-10,3,87.7197405603925,1301,6163,1859,9816,493,"334","10150",10851,21034.6295215318,99643.6754352039
"#_5_100_1",5,4,"100",2000,2017-05-10,1,153.807362811957,1592,13998,1166,17799,1043,"690","18489",19026,25739.6532741129,226321.398574769
"#_5_100_2",5,4,"100",2000,2017-05-10,2,118.811048199816,1719,10624,656,13914,915,"329","14243",14697,27792.9090093875,171769.555157494
"#_5_100_3",5,4,"100",2000,2017-05-10,3,302.24006131799,1311,16963,1501,21000,1225,"825","21825",22550,35142.9463758656,454713.805777123
"#_5_50_1",5,4,"50",2000,2017-05-10,1,149.821318509008,1722,13667,790,17327,1148,"521","17848",18533,27841.3975581408,220968.862036649
"#_5_50_2",5,4,"50",2000,2017-05-10,2,281.194336276074,1193,16790,931,20258,1344,"1034","21292",21754,30841.6698701256,434058.371432866
"#_5_50_3",5,4,"50",2000,2017-05-10,3,206.332979790275,1510,16777,1083,20694,1324,"749","21443",22016,28303.3066391093,314466.606281018
"#_5_25_1",5,4,"25",2000,2017-05-10,1,272.690918018518,1246,17075,1212,20501,968,"1042","21543",22213,30592.2553325596,419231.749440976
"#_5_25_2",5,4,"25",2000,2017-05-10,2,484.072947048613,1155,12915,11615,27230,1545,"8886","36116",49102,22773.1764018227,254645.517947653
"#_5_25_3",5,4,"25",2000,2017-05-10,3,379.724900733399,892,17366,500,19921,1163,"989","20910",21323,31769.8833610835,618515.464628449
"#_5_Control_1",5,4,"0",2000,2017-05-10,1,196.724792871175,1629,16532,913,20410,1336,"906","21316",22024,29101.4064281824,295337.29347496
"#_5_Control_2",5,4,"0",2000,2017-05-10,2,190.861572466535,1692,16615,592,20243,1344,"653","20896",21321,30292.9300326793,297468.695326812
"#_5_Control_3",5,4,"0",2000,2017-05-10,3,207.586496394358,1672,16841,619,20189,1057,"795","20984",21413,32418.121885898,326527.267153354
"#_4_400_1",4,5,"400",2000,2017-05-13,1,159.13571839573,13788,157,2986,17764,833,"498","18262",19685,222927.435635288,2538.41074809546
"#_4_400_2",4,5,"400",2000,2017-05-13,2,108.245528749372,9744,178,1656,12189,611,"239","12428",13390,157542.110848974,2877.92443874357
"#_4_400_3",4,5,"400",2000,2017-05-13,3,56.8227300006806,3613,95,2075,6039,256,"154","6193",7029,58415.2862405631,1535.9679470948
"#_4_200_1",4,5,"200",2000,2017-05-13,1,340.699655522266,18415,304,1124,20970,1127,"929","21899",23130,542497.549195204,8955.7021425654
"#_4_200_2",4,5,"200",2000,2017-05-13,2,159.709061606609,14519,389,2081,17938,949,"441","18379",19756,234745.481419959,6289.41333923577
"#_4_200_3",4,5,"200",2000,2017-05-13,3,356.686283643783,18874,262,993,21384,1255,"984","22368",23655,569190.185372459,7901.23071779084
"#_4_100_1",4,5,"100",2000,2017-05-13,1,383.436460697472,17739,629,901,20573,1304,"1135","21708",22537,603610.008103337,21403.1622468572
"#_4_100_2",4,5,"100",2000,2017-05-13,2,416.008923931948,18098,563,539,20464,1264,"1213","21677",22771,661273.506242185,20571.1672015886
"#_4_100_3",4,5,"100",2000,2017-05-13,3,453.079034325132,18247,656,591,20689,1195,"1216","21905",23260,710862.694697393,25556.3066652869
"#_4_50_1",4,5,"50",2000,2017-05-13,1,734.204139701672,17842,492,545,19971,1092,"1967","21938",22991,1139547.67174609,31423.4645498867
"#_4_50_2",4,5,"50",2000,2017-05-13,2,495.123130220238,18337,487,1172,21079,1083,"1602","22681",24252,748727.761739115,19884.9550071958
"#_4_50_3",4,5,"50",2000,2017-05-13,3,420.820174261003,17875,827,565,20446,1179,"1094","21540",22478,669290.916888996,30965.2357072559
"#_4_25_1",4,5,"25",2000,2017-05-13,1,483.47795879805,18185,705,707,20640,1043,"1214","21854",23056,762668.865435682,29567.3109778474
"#_4_25_2",4,5,"25",2000,2017-05-13,2,585.198384389354,17721,686,2466,22059,1186,"1557","23616",24919,832320.764859243,32220.08039577
"#_4_25_3",4,5,"25",2000,2017-05-13,3,424.068819908427,17977,947,743,20872,1205,"1138","22010",23196,657310.327254164,34626.0710858148
"#_4_Control_1",4,5,"0",2000,2017-05-13,1,458.793781986907,18393,431,589,20495,1082,"1199","21694",22860,738284.692220926,17300.0979909324
"#_4_Control_2",4,5,"0",2000,2017-05-13,2,448.495931821117,18090,668,523,20522,1241,"1128","21650",22783,712223.272320942,26299.8975074842
"#_4_Control_3",4,5,"0",2000,2017-05-13,3,288.146603748074,17929,947,841,20985,1268,"834","21819",22979,449643.627538119,23749.9311327234
"#_5_400_1",5,4,"400",2000,2017-05-13,1,290.611181881061,1969,567,26739,29442,167,"1662","31104",35948,31835.6190677539,9167.49416526992
"#_5_400_2",5,4,"400",2000,2017-05-13,2,431.969564792613,3507,400,36508,40676,261,"2438","43114",53431,56705.5553415693,6467.69949718498
"#_5_400_3",5,4,"400",2000,2017-05-13,3,298.298073902992,6034,914,20778,28130,404,"2110","30240",36897,97565.1450215819,14778.6779167593
"#_5_200_1",5,4,"200",2000,2017-05-13,1,122.465169309633,3243,7975,1980,13991,793,"378","14369",15149,52433.1037126067,128940.487853234
"#_5_200_2",5,4,"200",2000,2017-05-13,2,92.1017622781582,3446,3658,2024,9650,522,"620","10270",11393,55715.3818679072,59143.0257901348
"#_5_200_3",5,4,"200",2000,2017-05-13,3,149.159158987721,2986,9894,2747,16556,929,"603","17159",18451,48278.0606728454,159967.559376133
"#_5_100_1",5,4,"100",2000,2017-05-13,1,238.424559117941,2736,15381,1011,20488,1360,"813","21301",22011,59273.053813701,333215.950551365
"#_5_100_2",5,4,"100",2000,2017-05-13,2,164.728586468114,2822,14130,556,18841,1333,"895","19736",20377,45626.3503963309,228455.113784605
"#_5_100_3",5,4,"100",2000,2017-05-13,3,502.931519333694,1717,16145,1339,20555,1354,"1362","21917",22897,75427.6471761325,709248.318962527
"#_5_50_1",5,4,"50",2000,2017-05-13,1,158.892033562635,3163,12134,1577,17971,1097,"644","18615",19655,51139.7102171065,196183.763444316
"#_5_50_2",5,4,"50",2000,2017-05-13,2,312.07456837434,1877,16119,815,20242,1431,"982","21224",21666,54072.1835907538,464352.438625126
"#_5_50_3",5,4,"50",2000,2017-05-13,3,337.078145801086,2059,16048,1066,20525,1352,"1027","21552",22397,61976.5059788754,483049.523044678
"#_5_25_1",5,4,"25",2000,2017-05-13,1,477.274770998248,1165,16889,743,20104,1307,"1043","21147",21737,51159.323569302,741656.494216259
"#_5_25_2",5,4,"25",2000,2017-05-13,2,308.315431528615,2401,15484,2633,22219,1701,"1325","23544",24470,60503.9110012427,390188.48727332
"#_5_25_3",5,4,"25",2000,2017-05-13,3,455.795804004581,1519,16586,848,20261,1308,"1080","21341",22235,62276.0356449704,679993.632131323
"#_5_Control_1",5,4,"0",2000,2017-05-13,1,308.375092853623,1753,16358,839,20377,1427,"764","21141",21812,49567.3517121219,462534.363552133
"#_5_Control_2",5,4,"0",2000,2017-05-13,2,256.219627344636,1845,16049,1143,20441,1404,"1115","21556",22454,42106.102471796,366266.037165232
"#_5_Control_3",5,4,"0",2000,2017-05-13,3,166.604379358042,2918,13487,1303,18937,1229,"925","19862",20609,47178.5704271693,218059.417186852
"#_4_400_1",4,5,"400",2000,2017-05-17,1,151.141273567082,12614,14,3138,16451,685,"584","17035",18696,203946.943172355,226.356207738463
"#_4_400_2",4,5,"400",2000,2017-05-17,2,162.556381040019,13299,2,NA,17208,NA,"988","18196",20108,215022.609056218,32.3366582534352
"#_4_400_3",4,5,"400",2000,2017-05-17,3,70.6709831764675,4183,9,2946,7356,218,"256","7612",8742,67631.3709968345,145.513349024985
"#_4_200_1",4,5,"200",2000,2017-05-17,1,303.338295504683,18769,189,1283,21370,1129,"913","22283",23722,480006.447038816,4833.56697162002
"#_4_200_2",4,5,"200",2000,2017-05-17,2,311.878269477964,18521,314,2240,22217,1142,"1183","23400",25197,458490.886137347,7773.12986594283
"#_4_200_3",4,5,"200",2000,2017-05-17,3,357.793766882019,18872,198,1173,21306,1063,"1030","22336",23843,566395.501287377,5942.4708168133
"#_4_100_1",4,5,"100",2000,2017-05-17,1,377.129374937084,17597,749,1480,20999,1173,"1458","22457",23617,561997.34181038,23920.8961195644
"#_4_100_2",4,5,"100",2000,2017-05-17,2,381.379744967658,18081,487,1329,21115,1218,"1470","22585",24054,573353.884489916,15442.9147583977
"#_4_100_3",4,5,"100",2000,2017-05-17,3,384.546025966828,18301,662,946,21007,1098,"1133","22140",23426,600834.698302648,21733.9254836541
"#_4_50_1",4,5,"50",2000,2017-05-17,1,425.142895311226,17693,882,1155,20763,1033,"1532","22295",23707,634584.995717849,31634.203708989
"#_4_50_2",4,5,"50",2000,2017-05-17,2,448.748904457406,17773,813,1757,21449,1106,"1792","23241",24979,638585.554179229,29211.1661254551
"#_4_50_3",4,5,"50",2000,2017-05-17,3,331.923046637823,17591,683,1263,20847,1310,"1355","22202",23405,498941.107746716,19372.2231022118
"#_4_25_1",4,5,"25",2000,2017-05-17,1,436.035248634805,17735,863,980,20624,1046,"1387","22011",23326,663044.254011684,32264.290454586
"#_4_25_2",4,5,"25",2000,2017-05-17,2,532.086913342966,17404,811,2769,22260,1276,"1772","24032",25443,727936.221343472,33920.7237134886
"#_4_25_3",4,5,"25",2000,2017-05-17,3,446.964542581205,17665,1033,999,20814,1117,"1316","22130",23381,675388.447431418,39494.8353352196
"#_4_Control_1",4,5,"0",2000,2017-05-17,1,409.961307706802,18022,376,1206,20666,1062,"1458","22124",23399,631507.559083036,13175.3879822007
"#_4_Control_2",4,5,"0",2000,2017-05-17,2,362.828737922924,17927,788,1014,20857,1128,"1189","22046",23240,559761.685434101,24604.9092498506
"#_4_Control_3",4,5,"0",2000,2017-05-17,3,283.780716425568,17957,892,1168,21137,1120,"1005","22142",23262,438126.586265491,21763.5972015826
"#_5_400_1",5,4,"400",2000,2017-05-17,1,299.897550957706,5651,1277,20348,27634,358,"2316","29950",37095,91371.9401785684,20648.021165817
"#_5_400_2",5,4,"400",2000,2017-05-17,2,391.323405797556,7634,883,25448,34684,719,"4186","38870",48403,123437.096041921,14277.5682217731
"#_5_400_3",5,4,"400",2000,2017-05-17,3,254.620826272589,9404,1108,13191,24249,546,"2210","26459",31495,152052.976679945,17915.2167334516
"#_5_200_1",5,4,"200",2000,2017-05-17,1,113.637640685869,2588,6675,2592,12541,686,"482","13023",14057,41843.0979718331,107922.20979984
"#_5_200_2",5,4,"200",2000,2017-05-17,2,99.0703862112266,3208,3721,3049,10464,486,"601","11065",12255,51867.4498515895,60161.7147436922
"#_5_200_3",5,4,"200",2000,2017-05-17,3,123.968970623965,2268,7881,2859,13661,653,"581","14242",15335,36669.2696935315,127420.861752523
"#_5_100_1",5,4,"100",2000,2017-05-17,1,240.310184565631,2198,15891,1837,21267,1341,"1010","22277",23216,45503.2551408733,328977.355524849
"#_5_100_2",5,4,"100",2000,2017-05-17,2,214.232309056881,3880,14395,1983,21672,1414,"865","22537",23657,70272.7614778457,260715.5673901
"#_5_100_3",5,4,"100",2000,2017-05-17,3,285.722170207522,1512,16481,1689,21010,1328,"1121","22131",23020,37533.6161037162,409121.380294541
"#_5_50_1",5,4,"50",2000,2017-05-17,1,276.438818148943,2547,15510,1799,21283,1427,"998","22281",23395,60191.4656828688,366536.958280838
"#_5_50_2",5,4,"50",2000,2017-05-17,2,318.905000139181,1391,16487,1328,20573,1367,"1145","21718",22390,39624.5516028228,469654.911772638
"#_5_50_3",5,4,"50",2000,2017-05-17,3,343.711305027098,1546,16380,1487,20691,1278,"1298","21989",22900,46408.5307923051,491702.286143569
"#_5_25_1",5,4,"25",2000,2017-05-17,1,338.619854277897,1236,16650,1448,20608,1274,"1332","21940",22955,36465.6188096258,491223.748527727
"#_5_25_2",5,4,"25",2000,2017-05-17,2,298.883036005874,2240,15523,3320,22976,1893,"1603","24579",25588,52329.0605481599,362635.717361199
"#_5_25_3",5,4,"25",2000,2017-05-17,3,464.1543753823,934,16900,1137,20147,1176,"1645","21792",22790,38044.7728483605,688390.429483183
"#_5_Control_1",5,4,"0",2000,2017-05-17,1,277.866440078858,1462,16343,1687,20894,1402,"1391","22285",23456,34638.5347369791,387207.642412072
"#_5_Control_2",5,4,"0",2000,2017-05-17,2,274.634528656776,1539,16368,1459,20829,1463,"1130","21959",22897,36918.5954144891,392646.89392096
"#_5_Control_3",5,4,"0",2000,2017-05-17,3,265.619573089532,1571,16484,1767,21156,1334,"1207","22363",23314,35797.2333639577,375608.908193175
"#_4_400_1",4,5,"400",2000,2017-05-24,1,147.172511439068,11773,11,3131,15518,603,"954","16472",18205,190350.121084553,177.851977569871
"#_4_400_2",4,5,"400",2000,2017-05-24,2,191.66005090339,16604,4,NA,20500,NA,"1224","21724",23708,268459.885709456,64.6735450998448
"#_4_400_3",4,5,"400",2000,2017-05-24,3,91.0516602203071,6074,17,2816,9273,366,"491","9764",11263,98206.1234445788,274.860734039815
"#_4_200_1",4,5,"200",2000,2017-05-24,1,261.025146525197,18293,170,1509,21039,1067,"1460","22499",23996,397977.413351011,3698.47265454938
"#_4_200_2",4,5,"200",2000,2017-05-24,2,194.068017996646,16890,417,2590,21057,1160,"1157","22214",24006,273082.464714101,6742.17808086323
"#_4_200_3",4,5,"200",2000,2017-05-24,3,368.8860376934,18279,169,1185,20631,998,"1675","22306",23751,567796.546082073,5249.60973181631
"#_4_100_1",4,5,"100",2000,2017-05-24,1,362.644178329703,17396,701,1431,20837,1309,"1473","22310",23336,540671.762617716,21787.2445156944
"#_4_100_2",4,5,"100",2000,2017-05-24,2,292.018098806431,17812,458,1644,21052,1138,"1905","22957",24599,422897.38411644,10873.9614824461
"#_4_100_3",4,5,"100",2000,2017-05-24,3,478.694906850813,17644,778,765,20265,1078,"1764","22029",23275,725765.236217035,32002.1170809824
"#_4_50_1",4,5,"50",2000,2017-05-24,1,395.021297255262,17323,970,1351,20646,1002,"1767","22413",23846,573928.871286832,32137.1012612266
"#_4_50_2",4,5,"50",2000,2017-05-24,2,592.135971187856,16956,1233,1228,20445,1028,"2207","22652",24226,828882.814122124,60274.3872265026
"#_4_50_3",4,5,"50",2000,2017-05-24,3,307.203143809804,17146,841,2185,21560,1388,"1690","23250",24448,430898.650504164,21135.2948252655
"#_4_25_1",4,5,"25",2000,2017-05-24,1,452.260529471643,17235,895,1029,20223,1064,"1886","22109",23368,667126.85941833,34643.3733205341
"#_4_25_2",4,5,"25",2000,2017-05-24,2,492.101106888447,16964,755,2764,21825,1342,"2073","23898",25226,661857.066301087,29456.6190201203
"#_4_25_3",4,5,"25",2000,2017-05-24,3,511.772019007256,17056,1238,816,20154,1044,"1822","21976",23241,751153.870847877,54522.0738807266
"#_4_Control_1",4,5,"0",2000,2017-05-24,1,516.997734566136,17883,350,1046,20401,1122,"1715","22116",23307,793364.267151174,15527.4558800487
"#_4_Control_2",4,5,"0",2000,2017-05-24,2,342.567610081432,17458,815,1249,20645,1123,"1647","22292",23708,504517.069073869,23552.606902005
"#_4_Control_3",4,5,"0",2000,2017-05-24,3,354.085661344697,17357,751,1019,20322,1195,"1666","21988",23132,531373.406878774,22991.3826448096
"#_5_400_1",5,4,"400",2000,2017-05-24,1,543.120206074718,9636,2996,13607,27080,841,"3727","30807",36232,288888.623633031,89820.4977588792
"#_5_400_2",5,4,"400",2000,2017-05-24,2,550.710658233867,15151,2065,19155,37475,1104,"4739","42214",51805,322124.010535713,43903.7741242326
"#_5_400_3",5,4,"400",2000,2017-05-24,3,353.915341187748,12715,1581,18361,33503,846,"3008","36511",43777,205588.942284863,25563.2023399424
"#_5_200_1",5,4,"200",2000,2017-05-24,1,124.810514339137,2794,6750,3018,13241,679,"664","13905",15439,45173.9849813523,109135.432578428
"#_5_200_2",5,4,"200",2000,2017-05-24,2,139.710363637728,5642,5071,3034,14504,757,"861","15365",17282,91221.6030140101,81989.4982070268
"#_5_200_3",5,4,"200",2000,2017-05-24,3,134.529230911452,2457,6903,3669,13712,683,"921","14633",16641,39725.7761371838,111610.513909231
"#_5_100_1",5,4,"100",2000,2017-05-24,1,310.474296098745,3304,14328,1962,20989,1395,"1664","22653",24181,84844.0572606802,367931.492866533
"#_5_100_2",5,4,"100",2000,2017-05-24,2,199.960296227936,4571,13412,2119,21458,1356,"1335","22793",24259,75355.0034261837,221102.889072845
"#_5_100_3",5,4,"100",2000,2017-05-24,3,251.36186738691,1821,15935,1869,20947,1322,"1469","22416",23668,38679.2260023291,338469.778334495
"#_5_50_1",5,4,"50",2000,2017-05-24,1,191.238920098683,3177,13493,2693,20623,1260,"1248","21871",23656,51366.7610038481,218159.177282003
"#_5_50_2",5,4,"50",2000,2017-05-24,2,300.015098015373,1560,16015,2000,20915,1340,"1647","22562",23997,39006.8385968231,400445.205210335
"#_5_50_3",5,4,"50",2000,2017-05-24,3,335.994205189679,1739,15965,1837,20836,1295,"1551","22387",23834,49030.2863828859,450125.659633568
"#_5_25_1",5,4,"25",2000,2017-05-24,1,313.167689947932,1472,16186,1785,20738,1295,"1538","22276",23619,39034.915923905,429224.965451308
"#_5_25_2",5,4,"25",2000,2017-05-24,2,253.109825701385,2642,14914,4129,23524,1839,"1727","25251",26717,50059.2251752112,282582.620841446
"#_5_25_3",5,4,"25",2000,2017-05-24,3,423.797111774243,1017,16697,1172,20129,1243,"1585","21714",22678,38010.5531946737,624053.30058158
"#_5_Control_1",5,4,"0",2000,2017-05-24,1,344.59038738439,1807,15814,1387,20275,1267,"1715","21990",23101,53908.9069740351,471784.977801545
"#_5_Control_2",5,4,"0",2000,2017-05-24,2,369.280909229613,1776,15828,1188,20134,1342,"1587","21721",22680,57834.4704401934,515430.179125777
"#_5_Control_3",5,4,"0",2000,2017-05-24,3,338.051003246029,1715,16124,1480,20519,1200,"1607","22126",23026,50356.7680506332,473441.707316857
"#_4_400_1",4,5,"400",2000,2017-05-31,1,197.949902999178,16862,26,2841,20602,873,"1654","22256",24486,272631.811187792,420.378786080097
"#_4_400_2",4,5,"400",2000,2017-05-31,2,249.565287166753,18950,14,1727,21747,1056,"1226","22973",24742,382286.168604799,282.427776277952
"#_4_400_3",4,5,"400",2000,2017-05-31,3,99.2969717386739,7721,15,2173,10358,449,"611","10969",12283,124834.636293137,242.522930241815
"#_4_200_1",4,5,"200",2000,2017-05-31,1,234.6681485821,18873,194,675,20814,1072,"804","21618",22686,390451.553221368,4013.54322709401
"#_4_200_2",4,5,"200",2000,2017-05-31,2,241.537344878616,18108,459,1422,21243,1254,"910","22153",23422,373474.360947996,9466.79543158439
"#_4_200_3",4,5,"200",2000,2017-05-31,3,339.838759083503,18807,217,594,20612,994,"1077","21689",22789,560915.138188024,6471.98303752865
"#_4_100_1",4,5,"100",2000,2017-05-31,1,339.14951499982,17626,863,1275,21130,1366,"1023","22153",22991,520016.471783465,25460.92222564
"#_4_100_2",4,5,"100",2000,2017-05-31,2,495.104879738312,18423,419,479,20414,1093,"1143","21557",22442,812879.17292745,18487.5630166966
"#_4_100_3",4,5,"100",2000,2017-05-31,3,455.27746651954,17948,753,450,20198,1047,"1419","21617",22772,717663.794931732,30109.2510354131
"#_4_50_1",4,5,"50",2000,2017-05-31,1,508.33968925896,17177,1512,534,20307,1084,"1399","21706",22780,766615.526110725,67481.0895662465
"#_4_50_2",4,5,"50",2000,2017-05-31,2,436.87022015365,17274,1194,1210,20921,1243,"1391","22312",23625,638856.819719293,44158.5644752134
"#_4_50_3",4,5,"50",2000,2017-05-31,3,294.874835683397,17302,1192,1693,21390,1203,"1126","22516",23314,437670.447541746,30152.7669327108
"#_4_25_1",4,5,"25",2000,2017-05-31,1,260.509570044606,17673,1173,698,20698,1154,"822","21520",22340,412174.183652491,27357.0031926878
"#_4_25_2",4,5,"25",2000,2017-05-31,2,466.756006196531,16995,739,3801,22903,1368,"1622","24525",25624,619147.543342963,26922.6263330656
"#_4_25_3",4,5,"25",2000,2017-05-31,3,535.46852270624,17247,1305,584,20265,1129,"1485","21750",22728,812673.848214935,61491.2374279869
"#_4_Control_1",4,5,"0",2000,2017-05-31,1,322.808947425282,18165,412,1259,20956,1120,"1337","22293",23504,498963.966131743,11316.9916898584
"#_4_Control_2",4,5,"0",2000,2017-05-31,2,250.243597221435,18344,402,387,20258,1125,"874","21132",21844,420295.600387292,9210.57737438353
"#_4_Control_3",4,5,"0",2000,2017-05-31,3,651.366481880265,17761,568,284,19812,1199,"1648","21460",22196,1042432.87841732,33337.1924407993
"#_5_400_1",5,4,"400",2000,2017-05-31,1,812.382496707199,13180,2735,4637,21604,1052,"4152","25756",29074,736548.208474987,152842.135825424
"#_5_400_2",5,4,"400",2000,2017-05-31,2,977.138132920122,14897,1900,5141,23115,1177,"4640","27755",32759,888697.87027144,113346.710983133
"#_5_400_3",5,4,"400",2000,2017-05-31,3,851.656657646693,15895,1480,3720,22129,1034,"5150","27279",31712,853751.42364368,79493.683988213
"#_5_200_1",5,4,"200",2000,2017-05-31,1,99.8056124633328,3914,5701,1119,11419,685,"372","11791",12346,63281.8997540069,92174.2745267229
"#_5_200_2",5,4,"200",2000,2017-05-31,2,182.613296008358,10293,7202,1641,20352,1216,"909","21261",22589,166420.705282574,116444.371849324
"#_5_200_3",5,4,"200",2000,2017-05-31,3,161.019096289402,5729,9036,1869,17701,1067,"967","18668",19918,92627.6134794642,146095.848385484
"#_5_100_1",5,4,"100",2000,2017-05-31,1,361.71410483201,4371,13772,525,20072,1404,"1013","21085",21802,145037.368335081,456978.869071318
"#_5_100_2",5,4,"100",2000,2017-05-31,2,176.831282643349,5476,12458,904,20173,1335,"892","21065",21874,88536.902601717,201423.070235973
"#_5_100_3",5,4,"100",2000,2017-05-31,3,397.571337058953,2672,15221,834,20040,1313,"1376","21416",22244,95514.3510718866,544095.785054336
"#_5_50_1",5,4,"50",2000,2017-05-31,1,170.613305300043,3255,13555,1264,19409,1335,"1003","20412",21105,52626.9896945406,219157.863382334
"#_5_50_2",5,4,"50",2000,2017-05-31,2,321.830244349739,1976,15958,799,20040,1307,"1323","21363",21909,58052.5412237057,468827.152250959
"#_5_50_3",5,4,"50",2000,2017-05-31,3,212.045470331153,2651,15699,1119,20712,1243,"865","21577",22330,50347.7422165595,298155.113186634
"#_5_25_1",5,4,"25",2000,2017-05-31,1,220.683150705921,1677,16609,1021,20549,1242,"922","21471",21979,33676.2949846517,333529.864877805
"#_5_25_2",5,4,"25",2000,2017-05-31,2,179.279593972236,3909,11291,3158,20164,1806,"1257","21421",22177,63200.9679250999,182553.62723006
"#_5_25_3",5,4,"25",2000,2017-05-31,3,164.615780096923,974,16231,818,19250,1227,"727","19977",20363,15747.7552241225,262424.861440177
"#_5_Control_1",5,4,"0",2000,2017-05-31,1,5.42435110648689,20,65,342,437,10,"105","542",671,323.35923138521,1050.91750200193
"#_5_Control_2",5,4,"0",2000,2017-05-31,2,311.233909377329,2229,16047,519,20093,1298,"831","20924",21499,64536.9909300029,464614.218687195
"#_5_Control_3",5,4,"0",2000,2017-05-31,3,92.2785591172218,1398,7642,861,10720,819,"431","11151",11415,22602.7903015114,123555.453136016
"#_4_400_1",4,5,"400",2000,2017-06-07,1,206.74009370819,14853,8,5039,20698,798,"1619","22317",25573,240152.552445763,129.348981321356
"#_4_400_2",4,5,"400",2000,2017-06-07,2,210.780945566929,15680,8,4816,21301,797,"1588","22889",26073,253522.435200356,129.348181224672
"#_4_400_3",4,5,"400",2000,2017-06-07,3,139.913456574048,7443,10,5569,13419,397,"977","14396",17307,120341.579393383,161.684239410699
"#_4_200_1",4,5,"200",2000,2017-06-07,1,188.223724490384,14147,145,3955,19032,785,"1460","20492",23283,228733.499150922,2344.40923000521
"#_4_200_2",4,5,"200",2000,2017-06-07,2,156.235719005015,10096,389,4495,15576,596,"1098","16674",19326,163236.657257025,6289.52651277562
"#_4_200_3",4,5,"200",2000,2017-06-07,3,197.141498093387,14864,203,4124,19947,756,"1540","21487",24386,240327.337624875,3282.1884780577
"#_4_100_1",4,5,"100",2000,2017-06-07,1,284.814324836799,16911,837,4158,23170,1264,"2005","25175",27647,348428.042631396,17245.2410669079
"#_4_100_2",4,5,"100",2000,2017-06-07,2,256.253830947166,17819,574,3371,22825,1061,"1595","24420",26942,338964.220447446,10918.9888622725
"#_4_100_3",4,5,"100",2000,2017-06-07,3,429.692940542136,16961,1023,1859,20941,1098,"2023","22964",24928,584725.767372847,35267.6410602218
"#_4_50_1",4,5,"50",2000,2017-06-07,1,297.922982892071,16760,1743,2799,22271,969,"1623","23894",26222,380839.691348571,39606.4189749737
"#_4_50_2",4,5,"50",2000,2017-06-07,2,310.881622620974,16824,1110,3900,22998,1164,"1852","24850",27604,378950.327414524,25002.0722438256
"#_4_50_3",4,5,"50",2000,2017-06-07,3,218.500730582108,15322,1003,4888,22405,1192,"1922","24327",27028,247733.327954644,16216.9774140783
"#_4_25_1",4,5,"25",2000,2017-06-07,1,176.622302414718,12424,719,4037,18293,1113,"1149","19442",21848,200874.724020547,11624.9940897274
"#_4_25_2",4,5,"25",2000,2017-06-07,2,537.749975627756,16141,747,6361,24905,1656,"2784","27689",29681,584873.983801598,27067.7694008917
"#_4_25_3",4,5,"25",2000,2017-06-07,3,98.2949463267088,4650,518,3952,9458,338,"556","10014",12159,75182.4163860837,8375.15950279384
"#_4_Control_1",4,5,"0",2000,2017-06-07,1,472.853014538861,17587,468,2010,21212,1147,"1878","23090",24864,668924.22512025,17800.4513195131
"#_4_Control_2",4,5,"0",2000,2017-06-07,2,83.9215235700732,3101,22,4277,7613,213,"522","8135",10381,50137.8758483377,355.702440717004
"#_4_Control_3",4,5,"0",2000,2017-06-07,3,384.064284371108,16887,1235,1917,21077,1038,"1944","23021",24900,520939.242584329,38097.943068138
"#_5_400_1",5,4,"400",2000,2017-06-07,1,1612.41962486101,15309,1445,824,18685,1107,"4662","23347",26273,1879079.81859683,177364.317582625
"#_5_400_2",5,4,"400",2000,2017-06-07,2,1332.00151662011,15742,1686,1289,19903,1186,"4384","24287",28249,1484538.77125801,158997.101279444
"#_5_400_3",5,4,"400",2000,2017-06-07,3,818.007984816911,15685,1603,2640,20891,963,"4141","25032",28218,909380.908771227,92938.3230322141
"#_5_200_1",5,4,"200",2000,2017-06-07,1,194.983578417254,6283,8018,4683,19959,975,"1412","21371",24119,101586.452439621,129638.735581868
"#_5_200_2",5,4,"200",2000,2017-06-07,2,199.300029679365,8880,5638,4868,20355,969,"1402","21757",24653,143575.569995762,91157.5522112733
"#_5_200_3",5,4,"200",2000,2017-06-07,3,161.158623225294,3904,5913,5343,15818,658,"1311","17129",19935,63121.4712888435,95603.8062835378
"#_5_100_1",5,4,"100",2000,2017-06-07,1,306.756360857164,4340,13310,2511,21461,1300,"1732","23193",25098,106089.93594072,325358.766675341
"#_5_100_2",5,4,"100",2000,2017-06-07,2,278.758788980089,7012,10936,3039,22272,1285,"1575","23847",26202,149199.040403663,232692.62776019
"#_5_100_3",5,4,"100",2000,2017-06-07,3,208.51586160081,3593,13019,4020,21762,1130,"1480","23242",25793,58093.0865530733,210496.4914652
"#_5_50_1",5,4,"50",2000,2017-06-07,1,195.919082919054,2199,12761,4294,20684,1430,"1269","21953",24235,35554.038649804,206323.368444815
"#_5_50_2",5,4,"50",2000,2017-06-07,2,250.301319001578,2094,15626,3177,22191,1294,"1554","23745",25648,40871.0980964835,304991.29840289
"#_5_50_3",5,4,"50",2000,2017-06-07,3,347.185162719543,2315,15352,2238,21057,1152,"1840","22897",24734,64990.18773314,430984.605649747
"#_5_25_1",5,4,"25",2000,2017-06-07,1,226.942563931916,1212,16533,4229,23255,1281,"1458","24713",26835,20499.6748638332,279637.89152125
"#_5_25_2",5,4,"25",2000,2017-06-07,2,208.023493883762,3864,9175,6082,20476,1355,"2065","22541",25732,62474.9557257,148345.682914932
"#_5_25_3",5,4,"25",2000,2017-06-07,3,204.149079728232,764,13749,4552,21207,2142,"1465","22672",25253,12352.5836068878,222298.00001453
"#_5_Control_1",5,4,"0",2000,2017-06-07,1,303.56459631924,1994,15810,2630,21679,1245,"1511","23190",24991,48442.0635477223,384086.772662733
"#_5_Control_2",5,4,"0",2000,2017-06-07,2,313.515952317076,2158,15439,2290,21255,1368,"1550","22805",24543,55133.2294422239,394440.189693463
"#_5_Control_3",5,4,"0",2000,2017-06-07,3,154.310000162255,1333,8582,4523,16068,1630,"874","16942",19088,21552.3082791582,138756.121269119
"#_4_400_1",4,5,"400",2000,2017-06-13,1,223.935501937022,18638,33,2701,22326,954,"1029","23355",24995,333963.583524882,591.30798671108
"#_4_400_2",4,5,"400",2000,2017-06-13,2,183.929730123824,17212,12,2061,20234,949,"882","21116",22752,278287.492518571,194.018702662262
"#_4_400_3",4,5,"400",2000,2017-06-13,3,110.744552230735,7377,23,3434,11266,432,"768","12034",13699,119273.313644227,371.870165896329
"#_4_200_1",4,5,"200",2000,2017-06-13,1,227.915263234554,18295,133,2333,21818,1057,"1464","23282",24553,339649.716195672,2469.16710871956
"#_4_200_2",4,5,"200",2000,2017-06-13,2,223.312142923749,18217,635,1753,21606,1001,"1285","22891",24204,336149.17432176,11717.3368663511
"#_4_200_3",4,5,"200",2000,2017-06-13,3,339.105882571958,18543,263,769,20595,1020,"1219","21814",22874,549798.057229327,7797.92315436084
"#_4_100_1",4,5,"100",2000,2017-06-13,1,319.28924412244,16786,857,3616,22937,1678,"1666","24603",25578,419078.055503892,21395.7996882423
"#_4_100_2",4,5,"100",2000,2017-06-13,2,345.834947351665,17878,662,1067,20758,1151,"1228","21986",22993,537801.695190107,19914.1247463839
"#_4_100_3",4,5,"100",2000,2017-06-13,3,382.013131780549,17423,988,743,20292,1138,"1445","21737",22667,587269.139719637,33302.0668107101
"#_4_50_1",4,5,"50",2000,2017-06-13,1,588.525309540887,16634,1928,730,20344,1052,"1515","21859",22912,854532.995714308,99046.5081001074
"#_4_50_2",4,5,"50",2000,2017-06-13,2,368.525435266126,17532,946,2401,22049,1170,"1406","23455",24822,520585.603987247,28090.005782109
"#_4_50_3",4,5,"50",2000,2017-06-13,3,262.256448904211,15366,1204,3989,27301,6742,"2079","29380",30335,265688.649669498,20817.9834831495
"#_4_25_1",4,5,"25",2000,2017-06-13,1,298.30415804711,7558,342,21156,32339,3283,"2495","34834",35451,127194.314773634,5755.55115805543
"#_4_25_2",4,5,"25",2000,2017-06-13,2,355.270455527504,11371,1504,24621,39568,2072,"3285","42853",43945,183856.199786244,24317.9777045564
"#_4_25_3",4,5,"25",2000,2017-06-13,3,503.668627960552,15904,1828,1708,21056,1616,"1839","22895",23815,672714.327867698,77321.5412061213
"#_4_Control_1",4,5,"0",2000,2017-06-13,1,312.497402879089,17951,534,1161,20820,1174,"1145","21965",22830,491427.146656375,14618.8009756841
"#_4_Control_2",4,5,"0",2000,2017-06-13,2,238.60276014916,15927,170,3589,24843,5157,"1166","26009",26652,285173.807661389,3043.85931452478
"#_4_Control_3",4,5,"0",2000,2017-06-13,3,368.889173388545,17120,1223,706,20179,1130,"1657","21836",22807,553810.904407585,39562.542995939
"#_5_400_1",5,4,"400",2000,2017-06-13,1,963.338569495423,16877,1117,783,19915,1138,"2782","22697",24411,1332044.16348157,88161.0079166267
"#_5_400_2",5,4,"400",2000,2017-06-13,2,657.7114084653,16422,1593,1757,20841,1069,"2564","23405",25289,854200.383551517,82860.8702349024
"#_5_400_3",5,4,"400",2000,2017-06-13,3,722.222258593529,17310,364,1855,20717,1188,"3560","24277",26383,947706.27269484,19928.6587672399
"#_5_200_1",5,4,"200",2000,2017-06-13,1,178.917853383873,8810,8530,1591,20040,1109,"949","20989",22132,142442.281611415,137915.171639656
"#_5_200_2",5,4,"200",2000,2017-06-13,2,133.532170715469,8939,3911,1251,15009,908,"637","15646",16518,144526.464950427,63233.3599307663
"#_5_200_3",5,4,"200",2000,2017-06-13,3,143.15253465303,5546,7272,1957,15684,909,"898","16582",17708,89668.3936283831,117574.568782114
"#_5_100_1",5,4,"100",2000,2017-06-13,1,179.740860309959,4682,13052,1566,20560,1260,"942","21502",22234,75699.0832033128,211026.14992944
"#_5_100_2",5,4,"100",2000,2017-06-13,2,262.382504450142,7647,10687,1192,20835,1309,"1149","21984",23135,173454.85295269,242410.35876885
"#_5_100_3",5,4,"100",2000,2017-06-13,3,245.530371604216,3583,14625,1158,20623,1257,"1084","21707",22496,78212.5997028721,319246.237972231
"#_5_50_1",5,4,"50",2000,2017-06-13,1,187.469381745437,1758,13058,3574,21510,3120,"1156","22666",23190,28423.5595608864,211123.345134275
"#_5_50_2",5,4,"50",2000,2017-06-13,2,269.773560491902,1075,14730,2261,23131,5065,"1334","24465",24844,23346.2065310574,319897.322979047
"#_5_50_3",5,4,"50",2000,2017-06-13,3,260.029465503756,3174,14975,1027,20499,1323,"1122","21621",22279,74090.7153381141,349561.582289936
"#_5_25_1",5,4,"25",2000,2017-06-13,1,167.783533346106,1237,15663,1525,19783,1358,"668","20451",20755,19999.8295108777,253239.555075891
"#_5_25_2",5,4,"25",2000,2017-06-13,2,162.077006664293,4988,8744,3039,18129,1358,"1212","19341",20049,80646.4271775643,141373.768893469
"#_5_25_3",5,4,"25",2000,2017-06-13,3,355.696319389567,1006,15554,3404,29039,9075,"2157","31196",31786,22514.9749767762,348109.265197592
"#_5_Control_1",5,4,"0",2000,2017-06-13,1,228.814791940762,2270,15971,871,20372,1260,"878","21250",21807,47636.9585642711,335158.530938314
"#_5_Control_2",5,4,"0",2000,2017-06-13,2,279.543637613011,2137,16024,715,20194,1318,"899","21093",21629,55239.2393156415,414203.823487992
"#_5_Control_3",5,4,"0",2000,2017-06-13,3,143.071142393307,2120,9416,2624,16186,2026,"962","17148",17698,34276.2822775241,152238.431096777
"#_4_400_1",4,5,"400",2000,2017-06-21,1,330.23816979499,17352,23,3389,21813,1049,"2923","24736",27440,417659.819408358,553.606261318132
"#_4_400_2",4,5,"400",2000,2017-06-21,2,150.970960667618,12509,5,3164,16410,732,"968","17378",18675,202248.540507763,80.8412105315223
"#_4_400_3",4,5,"400",2000,2017-06-21,3,148.078605827346,6064,14,6025,12468,365,"2399","14867",18317,98045.385787741,226.358080644521
"#_4_200_1",4,5,"200",2000,2017-06-21,1,174.092931394201,10212,116,7956,18842,558,"1379","20221",21535,165111.401476441,1875.53099992824
"#_4_200_2",4,5,"200",2000,2017-06-21,2,178.344023777408,14619,518,2729,18811,945,"1548","20359",22061,236363.835148174,8375.16017557657
"#_4_200_3",4,5,"200",2000,2017-06-21,3,316.736645810337,17743,239,1864,21049,1203,"2172","23221",24806,453104.757446812,6103.36679421677
"#_4_100_1",4,5,"100",2000,2017-06-21,1,337.692367086795,17007,994,4387,23735,1347,"1895","25630",26868,427507.375840786,24986.3192559382
"#_4_100_2",4,5,"100",2000,2017-06-21,2,395.40737663873,17515,549,1527,20737,1146,"2062","22799",24266,570803.610139896,17891.5890360721
"#_4_100_3",4,5,"100",2000,2017-06-21,3,255.653313221918,17220,1038,1874,21328,1196,"1789","23117",24579,358220.436444235,21593.0785731194
"#_4_50_1",4,5,"50",2000,2017-06-21,1,538.295542472036,16273,1993,967,20341,1108,"1991","22332",23651,740745.284567032,90721.1548050203
"#_4_50_2",4,5,"50",2000,2017-06-21,2,465.186947371134,16454,1675,2318,21663,1216,"1876","23539",24765,618145.449791612,62926.5606175368
"#_4_50_3",4,5,"50",2000,2017-06-21,3,227.941488554907,12525,1301,9135,25374,2413,"1767","27141",28196,202508.663934616,21035.0316789569
"#_4_25_1",4,5,"25",2000,2017-06-21,1,188.017172323578,3085,41,13890,18308,1292,"2962","21270",23256,49882.436929673,662.943246066968
"#_4_25_2",4,5,"25",2000,2017-06-21,2,170.32847861248,1989,1090,14220,17863,564,"1784","19647",21069,32159.4137320445,17623.8114469223
"#_4_25_3",4,5,"25",2000,2017-06-21,3,351.5058523171,15239,2816,3164,22724,1505,"1976","24700",26018,411760.910405126,76088.898464521
"#_4_Control_1",4,5,"0",2000,2017-06-21,1,194.122486233043,16799,492,3359,21954,1304,"1138","23092",24013,271608.182753416,7954.71313260793
"#_4_Control_2",4,5,"0",2000,2017-06-21,2,423.046910800413,17874,178,3937,23241,1252,"2738","25979",27932,541424.923646469,5391.83374785003
"#_4_Control_3",4,5,"0",2000,2017-06-21,3,559.009121755622,18036,873,8086,28603,1608,"3500","32103",33297,605597.412378557,29312.8488027545
"#_5_400_1",5,4,"400",2000,2017-06-21,1,240.038153131723,18221,840,948,21078,1069,"1222","22300",24005,364402.01526458,16799.1708919515
"#_5_400_2",5,4,"400",2000,2017-06-21,2,146.290536616521,9746,916,4194,15616,760,"1118","16734",18096,157575.991364347,14810.1383223622
"#_5_400_3",5,4,"400",2000,2017-06-21,3,236.191737656337,18885,345,1845,22216,1141,"1495","23711",25659,347673.795988926,6351.46728176751
"#_5_200_1",5,4,"200",2000,2017-06-21,1,236.896153954252,9328,8535,2115,21114,1136,"1820","22934",24735,178675.344579362,163485.641722219
"#_5_200_2",5,4,"200",2000,2017-06-21,2,120.323023533262,7336,3399,981,12496,780,"1354","13850",14884,118609.204600915,54955.3825570488
"#_5_200_3",5,4,"200",2000,2017-06-21,3,266.694871177731,9812,8509,1431,21073,1321,"1530","22603",24208,216193.826503296,187484.026673109
"#_5_100_1",5,4,"100",2000,2017-06-21,1,179.716434908074,3828,13538,1753,20469,1350,"1043","21512",22231,61891.4590282135,218883.63958306
"#_5_100_2",5,4,"100",2000,2017-06-21,2,288.735555734949,9014,9394,751,20422,1263,"1269","21691",22992,226397.207671784,235941.354434074
"#_5_100_3",5,4,"100",2000,2017-06-21,3,190.20136665899,3455,14467,1867,21140,1351,"1284","22424",23528,55860.7379978588,233903.703795954
"#_5_50_1",5,4,"50",2000,2017-06-21,1,311.571213752174,2306,15297,4452,24308,2253,"1601","25909",26606,54009.1121485765,358272.935185071
"#_5_50_2",5,4,"50",2000,2017-06-21,2,310.383768704952,1099,16407,5868,26214,2840,"1958","28172",28916,23593.2882699365,352224.823152728
"#_5_50_3",5,4,"50",2000,2017-06-21,3,277.530955554408,2516,15424,945,20312,1427,"1265","21577",22309,62599.6579115954,383758.793175058
"#_5_25_1",5,4,"25",2000,2017-06-21,1,146.190896403712,649,13667,1464,17355,1575,"494","17849",18084,10493.020544792,220967.814769911
"#_5_25_2",5,4,"25",2000,2017-06-21,2,172.618877922729,3229,7962,4008,19006,3807,"1225","20231",21353,52206.8427679944,128730.530231889
"#_5_25_3",5,4,"25",2000,2017-06-21,3,179.369440489352,910,10866,5738,20375,2861,"1201","21576",22188,14713.015219516,175683.102610177
"#_5_Control_1",5,4,"0",2000,2017-06-21,1,221.444457343315,2020,15731,1255,20683,1677,"1486","22169",23174,38605.1440263654,300642.336969681
"#_5_Control_2",5,4,"0",2000,2017-06-21,2,242.358095725315,2212,15663,925,20620,1820,"993","21613",22095,48526.4637016879,343612.116166156
"#_5_Control_3",5,4,"0",2000,2017-06-21,3,212.934191972404,1522,8057,5957,24394,8858,"1304","25698",26340,24607.8845999999,130266.574390407
"#_4_400_1",4,5,"400",2000,2017-06-28,1,302.144975571432,15445,20,1123,17483,895,"5076","22559",26832,347840.574515561,450.424829414776
"#_4_400_2",4,5,"400",2000,2017-06-28,2,134.940549694036,10038,3,NA,14421,NA,"931","15352",16692,162297.296648542,48.5048704867132
"#_4_400_3",4,5,"400",2000,2017-06-28,3,68.4155977124616,3493,3,NA,6940,NA,"527","7467",8463,56475.4065484174,48.5045003278707
"#_4_200_1",4,5,"200",2000,2017-06-28,1,227.507373632188,10669,155,13325,25118,969,"1754","26872",28142,172502.037472945,2506.12201783734
"#_4_200_2",4,5,"200",2000,2017-06-28,2,128.473543240898,8283,304,4138,13476,751,"1202","14678",15892,133922.270156602,4915.17205452215
"#_4_200_3",4,5,"200",2000,2017-06-28,3,255.716673600459,17532,227,1899,21554,1896,"1387","22941",23963,374178.919297521,4844.7761054379
"#_4_100_1",4,5,"100",2000,2017-06-28,1,251.676848747554,17337,892,4511,24051,1311,"1491","25542",26624,327773.552188728,16864.1638433607
"#_4_100_2",4,5,"100",2000,2017-06-28,2,262.937722348159,18273,355,1112,20790,1050,"1170","21960",23007,417669.491934447,8114.30359747872
"#_4_100_3",4,5,"100",2000,2017-06-28,3,246.6128695623,17409,904,2181,21682,1188,"1441","23123",24208,354699.557684243,18418.5421417977
"#_4_50_1",4,5,"50",2000,2017-06-28,1,490.249950054156,16694,1771,778,20352,1109,"1445","21797",22733,720031.026807204,76385.225139305
"#_4_50_2",4,5,"50",2000,2017-06-28,2,343.009030192191,16447,1313,3494,22729,1475,"1891","24620",25787,437543.686320314,34930.0699299916
"#_4_50_3",4,5,"50",2000,2017-06-28,3,107.420445777334,6347,446,4492,12173,888,"569","12742",13288,102618.538432983,7210.94503562477
"#_4_25_1",4,5,"25",2000,2017-06-28,1,168.848085353337,2473,38,12138,15521,872,"2906","18427",20885,39986.7191839887,614.434019001849
"#_4_25_2",4,5,"25",2000,2017-06-28,2,123.753912152316,2717,1254,8718,13033,344,"1120","14153",15308,43929.8901643379,20275.3339220021
"#_4_25_3",4,5,"25",2000,2017-06-28,3,943.517162005553,14706,2510,2119,20681,1346,"3390","24071",25413,1091989.40577292,186379.260743237
"#_4_Control_1",4,5,"0",2000,2017-06-28,1,165.302367766282,13497,244,3738,18583,1104,"1052","19635",20448,218220.467306486,3945.00955936745
"#_4_Control_2",4,5,"0",2000,2017-06-28,2,1358.90614676402,17504,173,1128,20142,1337,"3622","23764",26188,1816579.59316919,17954.0830449195
"#_4_Control_3",4,5,"0",2000,2017-06-28,3,198.224479425585,12471,391,7619,21716,1235,"1728","23444",24520,201636.010025813,6321.84106487796
"#_5_400_1",5,4,"400",2000,2017-06-28,1,312.336744688653,17775,932,1019,20827,1101,"1333","22160",23400,474511.592892377,24880.1577820363
"#_5_400_2",5,4,"400",2000,2017-06-28,2,152.636571616598,8762,661,6158,16603,1022,"1062","17665",18881,141666.399078929,10687.2277780384
"#_5_400_3",5,4,"400",2000,2017-06-28,3,193.056600211503,15539,252,3437,21125,1897,"1426","22551",23881,251237.930629919,4074.39079211915
"#_5_200_1",5,4,"200",2000,2017-06-28,1,223.306274634081,9788,7954,2204,21490,1544,"1642","23132",24469,178652.320578559,145177.825692875
"#_5_200_2",5,4,"200",2000,2017-06-28,2,141.220943459117,9324,3902,1539,15683,918,"807","16490",17469,150752.083898656,63088.2273029337
"#_5_200_3",5,4,"200",2000,2017-06-28,3,207.50324887842,9710,8378,1498,21100,1514,"1278","22378",23536,171214.86629924,147727.924804844
"#_5_100_1",5,4,"100",2000,2017-06-28,1,157.113239316201,4086,10342,2041,17526,1057,"1134","18660",19435,66062.7420474399,167210.200258107
"#_5_100_2",5,4,"100",2000,2017-06-28,2,281.405112027856,9923,8165,840,20211,1283,"1511","21722",22929,243567.789842768,200416.305962532
"#_5_100_3",5,4,"100",2000,2017-06-28,3,155.965218506141,2090,12164,1833,17718,1631,"940","18658",19293,33791.2514049484,196668.316789374
"#_5_50_1",5,4,"50",2000,2017-06-28,1,244.17735580841,2658,15056,6362,25733,1657,"1819","27552",28596,45392.6011846939,257122.273678236
"#_5_50_2",5,4,"50",2000,2017-06-28,2,235.991938995388,1045,16516,6725,26731,2445,"1689","28420",29127,16933.5376969946,267630.917323983
"#_5_50_3",5,4,"50",2000,2017-06-28,3,102.351922018673,3244,5944,1411,11260,661,"762","12022",12661,52449.1959605995,96102.9657181885
"#_5_25_1",5,4,"25",2000,2017-06-28,1,102.925507923605,481,8197,1671,11619,1270,"694","12313",12732,7776.80950538077,132529.121654067
"#_5_25_2",5,4,"25",2000,2017-06-28,2,245.279134667981,6359,7837,5317,27315,7802,"1816","29131",30341,102813.356010263,126709.902665895
"#_5_25_3",5,4,"25",2000,2017-06-28,3,301.312449100999,1283,14213,9136,33580,8948,"2651","36231",37272,20743.9296091748,229800.055756198
"#_5_Control_1",5,4,"0",2000,2017-06-28,1,92.0609573951263,928,5669,1378,9183,1208,"1435","10618",11388,15003.9635515766,91656.7557908274
"#_5_Control_2",5,4,"0",2000,2017-06-28,2,181.009882327682,2296,14111,1694,20480,2379,"1269","21749",22391,37121.9409427322,228147.956725999
"#_5_Control_3",5,4,"0",2000,2017-06-28,3,179.571744297165,2323,6867,5185,20164,5789,"1247","21411",22213,37558.6514205478,111026.801250496
"#_4_400_1",4,5,"400",2000,2017-07-05,1,326.724402368748,18275,20,1789,21197,1113,"1910","23107",24957,478494.086091186,523.659738540286
"#_4_400_2",4,5,"400",2000,2017-07-05,2,102.999538117665,7472,12,2530,10662,648,"717","11379",12741,120808.813878847,194.018437706927
"#_4_400_3",4,5,"400",2000,2017-07-05,3,75.2065660746927,2981,4,NA,8012,NA,"446","8458",9303,48197.5219754185,64.6729580347782
"#_4_200_1",4,5,"200",2000,2017-07-05,1,95.3294257704359,3354,122,5870,9769,423,"676","10445",11792,54229.1204263979,1972.55596065013
"#_4_200_2",4,5,"200",2000,2017-07-05,2,229.181374569252,17474,943,5040,24543,1086,"1774","26317",27893,287148.412807737,15496.2202860076
"#_4_200_3",4,5,"200",2000,2017-07-05,3,273.29545235838,17690,252,3371,23116,1803,"1756","24872",26092,370580.75672388,5279.04752370932
"#_4_100_1",4,5,"100",2000,2017-07-05,1,282.766164691941,17230,883,4223,23780,1444,"1388","25168",26142,372738.200416352,19102.0215303331
"#_4_100_2",4,5,"100",2000,2017-07-05,2,302.192596971091,17837,605,1217,20752,1093,"1448","22200",23363,461431.267574657,15650.9456120798
"#_4_100_3",4,5,"100",2000,2017-07-05,3,299.960720439165,16935,886,2346,21316,1149,"1836","23152",24295,418179.444382569,21878.180556419
"#_4_50_1",4,5,"50",2000,2017-07-05,1,1529.12203520495,15860,2096,100,19226,1170,"2839","22065",23770,2040544.84462352,269670.995859451
"#_4_50_2",4,5,"50",2000,2017-07-05,2,835.815029255088,15319,1403,3355,21604,1527,"3268","24872",26399,970025.412565529,88840.3716841463
"#_4_50_3",4,5,"50",2000,2017-07-05,3,287.861902990738,13159,1887,11523,28406,1837,"4977","33383",35608,212759.760809656,30509.7399990745
"#_4_25_1",4,5,"25",2000,2017-07-05,1,148.798659125262,514,53,12396,13207,244,"2460","15667",18405,8311.05795059871,856.976792571463
"#_4_25_2",4,5,"25",2000,2017-07-05,2,225.975847180238,4861,3884,14113,23739,881,"2357","26096",27952,78596.7797040024,62799.813283346
"#_4_25_3",4,5,"25",2000,2017-07-05,3,503.151068529424,14929,2320,4822,25167,3096,"2426","27593",28714,523197.207081965,81306.0165068095
"#_4_Control_1",4,5,"0",2000,2017-07-05,1,231.667377874713,16166,410,5184,25179,3419,"1619","26798",27966,267834.85880874,6792.79302929503
"#_4_Control_2",4,5,"0",2000,2017-07-05,2,569.57563502401,17469,134,3978,23041,1460,"2573","25614",27209,731369.52980517,5610.13893147248
"#_4_Control_3",4,5,"0",2000,2017-07-05,3,361.002667296673,16172,708,17610,37180,2690,"4912","42092",44654,261483.187867685,11447.5696889884
"#_5_400_1",5,4,"400",2000,2017-07-05,1,429.298718127204,16140,1381,2249,20867,1097,"3216","24083",26349,525931.254360551,45000.6853947906
"#_5_400_2",5,4,"400",2000,2017-07-05,2,177.24626202319,8124,563,7550,16998,761,"2461","19459",21925,131352.2127869,9102.818291362
"#_5_400_3",5,4,"400",2000,2017-07-05,3,278.184819350383,18114,271,5599,25202,1218,"2336","27538",29719,339112.340099791,5073.3931857703
"#_5_200_1",5,4,"200",2000,2017-07-05,1,156.370965110441,7446,5979,2598,17209,1186,"1070","18279",19343,120388.585660171,96669.8030703952
"#_5_200_2",5,4,"200",2000,2017-07-05,2,134.010367046726,7926,3432,2223,14329,748,"1020","15349",16577,128149.383991356,55489.3623338799
"#_5_200_3",5,4,"200",2000,2017-07-05,3,203.463955016072,9601,8430,2322,21887,1534,"1510","23397",24720,158046.717808196,138770.318833777
"#_5_100_1",5,4,"100",2000,2017-07-05,1,246.708387210827,5243,12548,2251,21483,1441,"1517","23000",23993,107822.454394729,258050.001477219
"#_5_100_2",5,4,"100",2000,2017-07-05,2,285.974842536225,8758,9015,1446,20615,1396,"1781","22396",23728,211106.513059024,217301.349078226
"#_5_100_3",5,4,"100",2000,2017-07-05,3,246.549392057519,1907,15845,3285,23124,2087,"1591","24715",25585,36753.5423610466,305380.114688402
"#_5_50_1",5,4,"50",2000,2017-07-05,1,239.038280901142,1508,15995,7676,27302,2123,"1442","28744",29569,24381.5974567231,258609.848355627
"#_5_50_2",5,4,"50",2000,2017-07-05,2,257.052308499661,966,16437,7889,27770,2478,"1861","29631",30335,16371.3552009674,278567.252006522
"#_5_50_3",5,4,"50",2000,2017-07-05,3,299.04584425925,2980,14591,1571,20519,1377,"1843","22362",23550,75682.0905216616,370562.880134753
"#_5_25_1",5,4,"25",2000,2017-07-05,1,257.393437734542,1046,16042,3715,23222,2419,"2106","25328",26717,20154.4736213146,309099.489324215
"#_5_25_2",5,4,"25",2000,2017-07-05,2,175.522873401818,3935,4522,6115,19082,4510,"1543","20625",21712,63622.1911234482,73112.972874265
"#_5_25_3",5,4,"25",2000,2017-07-05,3,410.732733251723,1347,16132,9538,31394,4377,"2753","34147",35098,31526.4112878267,377567.978392888
"#_5_Control_1",5,4,"0",2000,2017-07-05,1,243.323529559491,1271,9771,5444,26943,10457,"2110","29053",30099,20549.7993999876,157979.614427442
"#_5_Control_2",5,4,"0",2000,2017-07-05,2,194.517776920483,1161,11532,3831,22449,5925,"1138","23587",24062,18771.1029012286,186449.921323831
"#_5_Control_3",5,4,"0",2000,2017-07-05,3,220.993433667265,2046,5548,7943,25388,9851,"1287","26675",27337,33079.8964980228,89700.5209047069
